{
    "train_MSE": 1817.4908198668074,
    "test_MSE": 3665.083966412506,
    "validation_MSE": 3717.261730543214
}