{
    "train_MSE": 1818.7511640367702,
    "test_MSE": 3662.5173039364513,
    "validation_MSE": 3715.4668933511207
}