{
    "train_MSE": 2856.684297682855,
    "test_MSE": 3496.920453587083,
    "validation_MSE": 3251.6344163346484
}