{
    "train_MSE": 3525.489330131395,
    "test_MSE": 4519.838922004562,
    "validation_MSE": 4805.410832280842
}